clip,filename,pred_class,confidence,gt_class
A,frame_000.jpg,background,0.0,Looking_at_the_board
A,frame_001.jpg,UsingPhone,0.3864296078681946,Looking_at_the_board
A,frame_002.jpg,Looking_at_the_board,0.7085614800453186,Looking_at_the_board
A,frame_003.jpg,UsingPhone,0.502358078956604,Looking_at_the_board
A,frame_004.jpg,UsingPhone,0.2851715683937073,Looking_at_the_board
A,frame_005.jpg,UsingPhone,0.46804940700531006,Looking_at_the_board
A,frame_006.jpg,UsingPhone,0.800413191318512,Looking_at_the_board
A,frame_007.jpg,UsingPhone,0.7012010216712952,Looking_at_the_board
A,frame_008.jpg,UsingPhone,0.41199612617492676,Looking_at_the_board
A,frame_009.jpg,UsingPhone,0.6499359607696533,Looking_at_the_board
A,frame_010.jpg,LookingAway,0.8683032989501953,LookingAway
A,frame_011.jpg,LookingAway,0.8732736110687256,LookingAway
A,frame_012.jpg,LookingAway,0.8580178618431091,LookingAway
A,frame_013.jpg,LookingAway,0.8490726947784424,LookingAway
A,frame_014.jpg,LookingAway,0.8279491066932678,LookingAway
A,frame_015.jpg,Looking_at_the_board,0.7546350955963135,Looking_at_the_board
A,frame_016.jpg,LookingAway,0.8726989030838013,LookingAway
A,frame_017.jpg,LookingAway,0.8779053092002869,LookingAway
A,frame_018.jpg,Looking_at_the_board,0.8272473812103271,Looking_at_the_board
A,frame_019.jpg,Looking_at_the_board,0.7568711042404175,Looking_at_the_board
A,frame_020.jpg,Looking_at_the_board,0.8559685349464417,Looking_at_the_board
A,frame_021.jpg,Looking_at_the_board,0.8571570515632629,Looking_at_the_board
A,frame_022.jpg,Looking_at_the_board,0.8680546283721924,Looking_at_the_board
A,frame_023.jpg,Looking_at_the_board,0.8643444180488586,Looking_at_the_board
A,frame_024.jpg,Looking_at_the_board,0.8707478642463684,Looking_at_the_board
A,frame_025.jpg,Looking_at_the_board,0.8744286298751831,Looking_at_the_board
A,frame_026.jpg,Looking_at_the_board,0.8714433908462524,Looking_at_the_board
A,frame_027.jpg,Looking_at_the_board,0.8738678693771362,Looking_at_the_board
A,frame_028.jpg,Looking_at_the_board,0.8375380039215088,Looking_at_the_board
A,frame_029.jpg,Looking_at_the_board,0.7270315885543823,Looking_at_the_board
A,frame_030.jpg,UsingPhone,0.6995265483856201,UsingPhone
A,frame_031.jpg,UsingPhone,0.8561970591545105,UsingPhone
A,frame_032.jpg,UsingPhone,0.8367133140563965,UsingPhone
A,frame_033.jpg,UsingPhone,0.8441410064697266,UsingPhone
A,frame_034.jpg,UsingPhone,0.8183959126472473,UsingPhone
A,frame_035.jpg,UsingPhone,0.8153682351112366,UsingPhone
A,frame_036.jpg,UsingPhone,0.8046721816062927,UsingPhone
A,frame_037.jpg,UsingPhone,0.8031912446022034,UsingPhone
A,frame_038.jpg,UsingPhone,0.6416589617729187,UsingPhone
A,frame_039.jpg,UsingPhone,0.593935489654541,UsingPhone
A,frame_040.jpg,UsingPhone,0.6087070107460022,UsingPhone
A,frame_041.jpg,LookingAway,0.7969491481781006,LookingAway
A,frame_042.jpg,Looking_at_the_board,0.8659853935241699,Looking_at_the_board
A,frame_043.jpg,Looking_at_the_board,0.8663756847381592,Looking_at_the_board
A,frame_044.jpg,background,0.0,Taking_notes
A,frame_045.jpg,Taking_notes,0.7597236633300781,Taking_notes
A,frame_046.jpg,Taking_notes,0.49433383345603943,Taking_notes
A,frame_047.jpg,Taking_notes,0.7310417890548706,Taking_notes
A,frame_048.jpg,LookingAway,0.4021229147911072,Taking_notes
A,frame_049.jpg,Taking_notes,0.3852393329143524,Taking_notes
A,frame_050.jpg,Taking_notes,0.4684429168701172,Taking_notes
A,frame_051.jpg,Taking_notes,0.4528712332248688,Taking_notes
A,frame_052.jpg,Taking_notes,0.6183611154556274,Taking_notes
A,frame_053.jpg,Taking_notes,0.4857809841632843,Taking_notes
A,frame_054.jpg,Looking_at_the_board,0.8161436319351196,Looking_at_the_board
A,frame_055.jpg,Looking_at_the_board,0.828249990940094,Looking_at_the_board
A,frame_056.jpg,Looking_at_the_board,0.41378283500671387,Looking_at_the_board
A,frame_057.jpg,Looking_at_the_board,0.8431153297424316,Looking_at_the_board
A,frame_058.jpg,Looking_at_the_board,0.8566215634346008,Looking_at_the_board
A,frame_059.jpg,Looking_at_the_board,0.7705044150352478,Looking_at_the_board
A,frame_060.jpg,Looking_at_the_board,0.8454647064208984,Looking_at_the_board
A,frame_061.jpg,Looking_at_the_board,0.773743212223053,Looking_at_the_board
B,frame_000.jpg,Looking_at_the_board,0.8317137956619263,Looking_at_the_board
B,frame_001.jpg,Looking_at_the_board,0.836123526096344,Looking_at_the_board
B,frame_002.jpg,background,0.0,Looking_at_the_board
B,frame_003.jpg,background,0.0,Looking_at_the_board
B,frame_004.jpg,background,0.0,Looking_at_the_board
B,frame_005.jpg,Looking_at_the_board,0.8370814919471741,Looking_at_the_board
B,frame_006.jpg,Looking_at_the_board,0.28681159019470215,Looking_at_the_board
B,frame_007.jpg,background,0.0,UsingPhone
B,frame_008.jpg,background,0.0,UsingPhone
B,frame_009.jpg,background,0.0,UsingPhone
B,frame_010.jpg,UsingPhone,0.7755239009857178,UsingPhone
B,frame_011.jpg,UsingPhone,0.6398715376853943,UsingPhone
B,frame_012.jpg,background,0.0,UsingPhone
B,frame_013.jpg,UsingPhone,0.554575502872467,UsingPhone
B,frame_014.jpg,UsingPhone,0.45373091101646423,UsingPhone
B,frame_015.jpg,UsingPhone,0.4622754752635956,UsingPhone
B,frame_016.jpg,UsingPhone,0.4233425557613373,UsingPhone
B,frame_017.jpg,UsingPhone,0.8217574954032898,UsingPhone
B,frame_018.jpg,UsingPhone,0.8536733984947205,UsingPhone
B,frame_019.jpg,UsingPhone,0.7132875919342041,UsingPhone
B,frame_020.jpg,Looking_at_the_board,0.4702731966972351,UsingPhone
B,frame_021.jpg,background,0.0,UsingPhone
B,frame_022.jpg,UsingPhone,0.5490081310272217,UsingPhone
B,frame_023.jpg,UsingPhone,0.5392540693283081,UsingPhone
B,frame_024.jpg,Looking_at_the_board,0.8234157562255859,UsingPhone
B,frame_025.jpg,Looking_at_the_board,0.8372885584831238,Looking_at_the_board
B,frame_026.jpg,Looking_at_the_board,0.8291572332382202,Looking_at_the_board
B,frame_027.jpg,Looking_at_the_board,0.8123241066932678,Looking_at_the_board
B,frame_028.jpg,Looking_at_the_board,0.8341661095619202,Looking_at_the_board
B,frame_029.jpg,Looking_at_the_board,0.8360574245452881,Looking_at_the_board
B,frame_030.jpg,background,0.0,Looking_at_the_board
B,frame_031.jpg,Looking_at_the_board,0.833688497543335,Looking_at_the_board
B,frame_032.jpg,Looking_at_the_board,0.2682630121707916,Looking_at_the_board
B,frame_033.jpg,background,0.0,Looking_at_the_board
B,frame_034.jpg,background,0.0,Looking_at_the_board
B,frame_035.jpg,Looking_at_the_board,0.8363012075424194,Looking_at_the_board
B,frame_036.jpg,Looking_at_the_board,0.8390069007873535,Looking_at_the_board
B,frame_037.jpg,Looking_at_the_board,0.834060549736023,Looking_at_the_board
B,frame_038.jpg,Looking_at_the_board,0.850785493850708,Looking_at_the_board
B,frame_039.jpg,Looking_at_the_board,0.8690006732940674,Looking_at_the_board
B,frame_040.jpg,Looking_at_the_board,0.8544630408287048,Looking_at_the_board
B,frame_041.jpg,Looking_at_the_board,0.6553388833999634,Looking_at_the_board
B,frame_042.jpg,Looking_at_the_board,0.8526872992515564,Looking_at_the_board
B,frame_043.jpg,Looking_at_the_board,0.8258600831031799,Looking_at_the_board
B,frame_044.jpg,Looking_at_the_board,0.7604300379753113,Looking_at_the_board
B,frame_045.jpg,Looking_at_the_board,0.8484299778938293,Looking_at_the_board
B,frame_046.jpg,background,0.0,Looking_at_the_board
B,frame_047.jpg,Looking_at_the_board,0.5942094326019287,Looking_at_the_board
B,frame_048.jpg,Looking_at_the_board,0.39875298738479614,Looking_at_the_board
B,frame_049.jpg,UsingPhone,0.6541071534156799,UsingPhone
B,frame_050.jpg,UsingPhone,0.5412517189979553,UsingPhone
B,frame_051.jpg,UsingPhone,0.5676920413970947,UsingPhone
B,frame_052.jpg,background,0.0,UsingPhone
B,frame_053.jpg,UsingPhone,0.3598315119743347,UsingPhone
B,frame_054.jpg,UsingPhone,0.622124195098877,UsingPhone
B,frame_055.jpg,UsingPhone,0.5783929824829102,UsingPhone
B,frame_056.jpg,background,0.0,UsingPhone
B,frame_057.jpg,UsingPhone,0.37907809019088745,UsingPhone
B,frame_058.jpg,UsingPhone,0.4429735541343689,UsingPhone
B,frame_059.jpg,Looking_at_the_board,0.8397706747055054,UsingPhone
C,frame_000.jpg,Looking_at_the_board,0.8572597503662109,Looking_at_the_board
C,frame_001.jpg,Looking_at_the_board,0.8521060347557068,Looking_at_the_board
C,frame_002.jpg,Looking_at_the_board,0.8563952445983887,Looking_at_the_board
C,frame_003.jpg,Looking_at_the_board,0.8610610961914062,Looking_at_the_board
C,frame_004.jpg,Looking_at_the_board,0.8534851670265198,Looking_at_the_board
C,frame_005.jpg,Looking_at_the_board,0.8737437129020691,Looking_at_the_board
C,frame_006.jpg,Looking_at_the_board,0.862187385559082,Looking_at_the_board
C,frame_007.jpg,LookingAway,0.8548920154571533,LookingAway
C,frame_008.jpg,LookingAway,0.8587596416473389,LookingAway
C,frame_009.jpg,LookingAway,0.8598514795303345,LookingAway
C,frame_010.jpg,LookingAway,0.8604080677032471,LookingAway
C,frame_011.jpg,Looking_at_the_board,0.8390984535217285,Looking_at_the_board
C,frame_012.jpg,Looking_at_the_board,0.8702390789985657,Looking_at_the_board
C,frame_013.jpg,Looking_at_the_board,0.6762470006942749,Looking_at_the_board
C,frame_014.jpg,Looking_at_the_board,0.8701705932617188,Looking_at_the_board
C,frame_015.jpg,Looking_at_the_board,0.8754789233207703,Looking_at_the_board
C,frame_016.jpg,Looking_at_the_board,0.8691501617431641,Looking_at_the_board
C,frame_017.jpg,Looking_at_the_board,0.8764678239822388,Looking_at_the_board
C,frame_018.jpg,UsingPhone,0.8079875707626343,UsingPhone
C,frame_019.jpg,UsingPhone,0.7940212488174438,UsingPhone
C,frame_020.jpg,UsingPhone,0.8603294491767883,UsingPhone
C,frame_021.jpg,UsingPhone,0.8624523282051086,UsingPhone
C,frame_022.jpg,UsingPhone,0.8670610785484314,UsingPhone
C,frame_023.jpg,UsingPhone,0.8641716241836548,UsingPhone
C,frame_024.jpg,UsingPhone,0.8574306964874268,UsingPhone
C,frame_025.jpg,Looking_at_the_board,0.7181721329689026,UsingPhone
C,frame_026.jpg,Looking_at_the_board,0.8772532343864441,UsingPhone
C,frame_027.jpg,Looking_at_the_board,0.8684579133987427,Looking_at_the_board
C,frame_028.jpg,Looking_at_the_board,0.8668978214263916,Looking_at_the_board
C,frame_029.jpg,Looking_at_the_board,0.8552982807159424,Looking_at_the_board
C,frame_030.jpg,LookingAway,0.8410043716430664,LookingAway
C,frame_031.jpg,LookingAway,0.8528832197189331,LookingAway
C,frame_032.jpg,LookingAway,0.8544602394104004,LookingAway
C,frame_033.jpg,LookingAway,0.8609442114830017,LookingAway
C,frame_034.jpg,LookingAway,0.8460182547569275,LookingAway
C,frame_035.jpg,Looking_at_the_board,0.8794287443161011,Looking_at_the_board
C,frame_036.jpg,Looking_at_the_board,0.8815912008285522,Looking_at_the_board
C,frame_037.jpg,Looking_at_the_board,0.8782352209091187,Looking_at_the_board
C,frame_038.jpg,Looking_at_the_board,0.875360369682312,Looking_at_the_board
C,frame_039.jpg,Looking_at_the_board,0.8646998405456543,Looking_at_the_board
C,frame_040.jpg,Looking_at_the_board,0.8098082542419434,Looking_at_the_board
C,frame_041.jpg,Looking_at_the_board,0.8603973984718323,Looking_at_the_board
C,frame_042.jpg,Looking_at_the_board,0.8438237309455872,Looking_at_the_board
C,frame_043.jpg,Looking_at_the_board,0.7093700170516968,Looking_at_the_board
C,frame_044.jpg,Looking_at_the_board,0.6487137079238892,Looking_at_the_board
C,frame_045.jpg,Looking_at_the_board,0.6918169856071472,Looking_at_the_board
C,frame_046.jpg,Looking_at_the_board,0.26303091645240784,Looking_at_the_board
C,frame_047.jpg,Looking_at_the_board,0.7871649861335754,Looking_at_the_board
C,frame_048.jpg,Looking_at_the_board,0.3187173306941986,Looking_at_the_board
C,frame_049.jpg,Looking_at_the_board,0.8215503096580505,Looking_at_the_board
C,frame_050.jpg,Looking_at_the_board,0.8569520711898804,Looking_at_the_board
C,frame_051.jpg,Looking_at_the_board,0.8523465991020203,Looking_at_the_board
C,frame_052.jpg,Looking_at_the_board,0.8369115591049194,Looking_at_the_board
C,frame_053.jpg,LookingAway,0.8301376104354858,LookingAway
C,frame_054.jpg,LookingAway,0.7678499817848206,LookingAway
C,frame_055.jpg,LookingAway,0.6260538101196289,LookingAway
C,frame_056.jpg,Looking_at_the_board,0.7519581317901611,LookingAway
C,frame_057.jpg,Looking_at_the_board,0.8744804859161377,Looking_at_the_board
C,frame_058.jpg,Looking_at_the_board,0.8633224368095398,Looking_at_the_board
C,frame_059.jpg,Looking_at_the_board,0.840904712677002,Looking_at_the_board